Index,User Id,Name,Sex,Email,Phone,Date of birth,Job Title
1,88F7B33d2bcf9f5,Shelby,Male,elijah57@example.net,001-084-906-7849x73518,26-10-1945,Games developer
2,f90cD3E76f1A9b9,Phillip,Female,bethany14@example.com,214.112.6044x4913,24-03-1910,Phytotherapist
3,DbeAb8CcdfeFC2c,Kristine,Male,bthompson@example.com,277.609.7938,02-07-1992,Homeopath
4,A31Bee3c201ef58,Yesenia,Male,kaitlinkaiser@example.com,584.094.6111,03-08-2017,Market researcher
5,1bA7A3dc874da3c,Lori,Male,buchananmanuel@example.net,689-207-3558x7233,01-12-1938,Veterinary surgeon
6,bfDD7CDEF5D865B,Erin,Male,tconner@example.org,001-171-649-9856x5553,28-10-2015,Waste management officer
7,bE9EEf34cB72AF7,Katherine,Female,conniecowan@example.com,+1-773-151-6685x49162,22-01-1989,Intelligence analyst
8,2EFC6A4e77FaEaC,Ricardo,Male,wyattbishop@example.com,001-447-699-7998x88612,26-03-1924,Hydrogeologist
9,baDcC4DeefD8dEB,Dave,Male,nmccann@example.net,603-428-2429x27392,06-10-2018,Lawyer
10,8e4FB470FE19bF0,Isaiah,Male,virginiaterrell@example.org,+1-511-372-1544x8206,20-09-1964,"Engineer, site"
11,BF0BbA03C29Bb3b,Sheila,Female,huangcathy@example.com,895.881.4746,20-03-2008,Advertising account executive
12,F738c69fB34E62E,Stacy,Male,rayleroy@example.org,710.673.3213x80335,20-10-1980,Warden/ranger
13,C03fDADdAadAdCe,Mandy,Male,jefferynoble@example.org,(992)466-1305x4947,08-12-2007,"Scientist, clinical (histocompatibility and immunogenetics)"
14,b759b74BD1dE80d,Bridget,Female,mercedes44@example.com,(216)627-8359,28-06-2004,Social worker
15,1F0B7D65A00DAF9,Crystal,Male,pmiranda@example.org,-5791,09-03-1992,Agricultural consultant
16,50Bb061cB30B461,Thomas,Female,braunpriscilla@example.net,-2005,18-02-2006,Sport and exercise psychologist
17,D6dbA5308fEC4BC,Maurice,Male,sheenabanks@example.com,(246)187-4969,20-08-2004,Secretary/administrator
18,311D775990f066d,Frank,Male,gbrewer@example.org,429.965.3902x4447,16-09-2008,Audiological scientist
19,7F7E1BAcb0C9AFf,Alvin,Male,gilbertdonaldson@example.com,219.436.0887x07551,12-05-1949,"Teacher, adult education"
20,88473e15D5c3cD0,Jared,Female,jcortez@example.com,-8587,18-01-1921,Paediatric nurse
21,b31D271F8c200AB,Jacqueline,Female,carias@example.net,819.309.7679x59173,09-10-1952,"Scientist, marine"
22,42F4BdA841aBadC,Colleen,Female,fknox@example.org,638.584.1090,14-10-1949,Commercial horticulturist
23,cBbBcA0FCA3C4Bc,Randy,Male,huangbill@example.org,001-960-629-7164x67214,30-12-1947,Outdoor activities/education manager
24,f1f89173353aD90,Janice,Female,juarezdominique@example.net,001-249-314-9742x6996,01-11-1999,Drilling engineer
25,c5B09fb33e8bA0A,Alfred,Female,cassandramorris@example.com,(468)276-9509x53058,28-05-1993,Systems analyst
26,c9F2282C40BEC1E,Sean,Male,sallymiller@example.net,4915828504,09-10-2010,"Conservation officer, nature"
27,9c1bc7EC53Fb7cE,Louis,Male,bsullivan@example.net,6232695307,29-01-1916,Counsellor
